Season,Short Conference Name,Adjusted Tempo,Adjusted Tempo Rank,Raw Tempo,Raw Tempo Rank,Adjusted Offensive Efficiency,Adjusted Offensive Efficiency Rank,Raw Offensive Efficiency,Raw Offensive Efficiency Rank,Adjusted Defensive Efficiency,Adjusted Defensive Efficiency Rank,Raw Defensive Efficiency,Raw Defensive Efficiency Rank,Avg Possession Length (Offense),Avg Possession Length (Offense) Rank,Avg Possession Length (Defense),Avg Possession Length (Defense) Rank,eFGPct,RankeFGPct,TOPct,RankTOPct,ORPct,RankORPct,FTRate,RankFTRate,OffFT,RankOffFT,Off2PtFG,RankOff2PtFG,Off3PtFG,RankOff3PtFG,DefFT,RankDefFT,Def2PtFG,RankDef2PtFG,Def3PtFG,RankDef3PtFG,Tempo,RankTempo,AdjTempo,RankAdjTempo,OE,RankOE,AdjOE,RankAdjOE,DE,RankDE,AdjDE,RankAdjDE,AdjEM,RankAdjEM,FG2Pct,RankFG2Pct,FG3Pct,RankFG3Pct,FTPct,RankFTPct,BlockPct,RankBlockPct,OppFG2Pct,RankOppFG2Pct,OppFG3Pct,RankOppFG3Pct,OppFTPct,RankOppFTPct,OppBlockPct,RankOppBlockPct,FG3Rate,RankFG3Rate,OppFG3Rate,RankOppFG3Rate,ARate,RankARate,OppARate,RankOppARate,StlRate,RankStlRate,OppStlRate,RankOppStlRate,DFP,NSTRate,RankNSTRate,OppNSTRate,RankOppNSTRate,AvgHeight,RankAvgHeight,CenterHeight,RankCenterHeight,PFHeight,RankPFHeight,SFHeight,RankSFHeight,SGHeight,RankSGHeight,PGHeight,RankPGHeight,EffectiveHeight,RankEffectiveHeight,Experience,RankExperience,Bench,BenchRank,CenterPts,RankCenterPts,PFPts,RankPFPts,SFPts,RankSFPts,SGPts,RankSGPts,PGPts,RankPGPts,CenterOR,RankCenterOR,PFOR,RankPFOR,SFOR,RankSFOR,SGOR,RankSGOR,PGOR,RankPGOR,CenterDR,RankCenterDR,PFDR,RankPFDR,SFDR,RankSFDR,SGDR,RankSGDR,PGDR,RankPGDR,Net Rating,Net Rating Rank,Mapped Conference Name,Mapped ESPN Team Name,Current Coach,Full Team Name,Since,Active Coaching Length,Active Coaching Length Index,Seed,Region,Post-Season Tournament,Post-Season Tournament Sorting Index,Vulnerable Top 2 Seed?,Tournament Winner?,Tournament Championship?,Final Four?,Top 12 in AP Top 25 During Week 6?
2025,ACC,65.7,266,66.6,256,128,3,124.3,1,89.8,4,93.1,3,17,98,19.1,364,57.36318408,5,14.40120157,19,35.1800554,35,32.08955224,202,17.9943101,241,45.30583215,309,36.69985775,59,16.95961995,297,50.26128266,153,32.77909739,124,66.5794,256,65.803,266,124.282,1,127.999,2,93.0646,3,89.847,4,38.1518,1,58.01457195,9,37.71929825,19,78.4496124,17,10.58244463,107,43.39622642,3,30.87248322,33,71.54308617,148,9.653916211,210,45.37313433,51,37.93279022,146,58.10397554,50,51.38339921,171,0.104254097,115,0.080399346,21,,6.361266952,51,7.288951716,211,79.76,1,2.7,10,1.44,41,1.44,31,2.68,2,4.53,1,2.07,11,1.95792,128,31.04,183,15.5,309,27.48,10,22.47,87,16.04,327,18.52,231,49.84,13,17.82,329,10.44,325,12.46,128,9.44,135,25.43,196,26.95,68,14.36,341,19.84,63,13.42,226,38.2,1,Atlantic Coast Conference (ACC),Duke,Jon Scheyer,Duke Blue Devils,202223,2 years,3,1,East,March Madness,1,No,No,No,No,Yes
2025,SEC,69.6,59,70.8,44,128.6,1,120.4,5,92.4,10,97.7,20,16.3,42,17.5,145,55.15122873,36,15.12424632,41,38.01169591,8,32.18336484,198,17.17530163,289,47.90631654,232,34.91838183,83,20.0702679,117,50.94422486,121,28.98550725,283,70.9277,43,69.5912,62,120.249,6,127.938,3,97.1962,18,92.1126,7,35.8258,2,56.53266332,26,35.57483731,83,71.07195301,225,12.43115657,45,45.63335956,10,29.56989247,7,70.30769231,84,8.458961474,97,43.57277883,75,36.92307692,112,52.64207378,142,45.75,37,0.109800319,78,0.088011151,87,,6.323131232,45,6.152235793,328,77.78,96,1.21,58,1.58,35,-0.65,273,-0.05,190,0.78,114,1.39,36,2.41815,62,28.28,266,18.09,219,17.67,259,19.14,199,23.48,69,21.58,135,41.04,82,33.04,60,9.16,340,6.22,319,10.47,109,30.48,61,24.15,148,13.88,346,15.84,199,15.59,129,36.2,5,Southeastern Conference (SEC),Florida,Todd Golden,Florida Gators,202223,2 years,3,1,West,March Madness,1,No,No,No,No,Yes
2025,B12,61.4,360,62.4,360,123.2,10,116.9,18,87.8,2,91.9,1,19.5,344,18.8,354,52.67633817,89,14.61930813,26,36.13518198,15,28.16408204,317,16.52794293,311,50.89179548,138,32.58026159,146,21.22736419,56,43.76257545,341,35.01006036,62,62.4183,360,61.5016,360,116.89,19,123.269,11,91.9137,1,87.8253,2,35.4439,3,49.00763359,268,39.76777939,4,74.06749556,112,15.8266129,6,43.85080645,4,30.89214381,35,70.92436975,122,6.564885496,7,34.46723362,296,43.08663224,308,44.43231441,331,55.02248876,265,0.12491181,28,0.077722904,15,,6.847017731,113,9.20646303,21,76.82,242,-1.39,304,0.2,144,-0.74,282,-0.21,207,0.24,166,-0.6,257,2.64574,40,29.83,221,15.24,314,18.66,217,19.18,198,21.57,131,25.35,49,46.22,23,26.63,168,9.12,341,13.43,108,4.6,334,26.46,161,20.71,268,17.52,231,23.31,11,11.99,300,35.4,6,Big 12 Conference,Houston,Kelvin Sampson,Houston Cougars,201415,10 years,11,1,Midwest,March Madness,1,No,No,No,No,No
2025,SEC,67.6,153,68.9,135,128.4,2,121,4,93.4,12,100.8,61,17.3,130,17.7,211,55.71147218,26,13.36891071,6,34.34433541,51,33.53028065,168,18.21467293,226,48.93386339,195,32.85146368,138,23.85720505,12,50.93600348,122,25.20679147,350,68.8568,135,67.6684,153,121.014,4,128.505,1,100.799,60,93.4663,12,35.0385,4,56.08947804,30,36.77184466,40,74.00881057,115,16.4516129,4,47.17741935,42,29.19818457,5,73.45844504,260,7.456503728,31,40.57114722,139,34.77117307,51,55.51020408,91,40.23136247,6,0.100814736,143,0.087664988,84,,4.602411883,2,7.320026519,206,78.43,27,1.11,67,0.55,110,1.44,30,2.02,12,1,86,0.83,75,2.80085,25,33.9,109,20.94,118,21.07,128,18.42,225,19.27,245,20.29,167,45.93,24,30.84,87,12.63,282,5.31,339,5.25,314,29.62,80,24.58,135,16.71,268,16.22,183,12.85,257,35,8,Southeastern Conference (SEC),Auburn,Bruce Pearl,Auburn Tigers,201415,10 years,11,1,South,March Madness,1,No,No,No,No,Yes
2025,SEC,63.6,346,65.5,308,120.3,18,114.1,40,89.1,3,96.3,12,18.2,263,18.7,351,52.79701652,85,16.07895834,104,35.9141791,19,34.62972829,129,19.56168831,142,47.07792208,261,33.36038961,118,19.29995139,157,46.57267866,290,34.12736996,87,65.397,312,63.6241,348,114.091,40,119.981,18,95.4042,10,88.5426,3,31.4386,5,54.00372439,69,34.12204234,159,74.15384615,111,16.14785992,5,46.59533074,29,27.62691854,1,73.24723247,247,9.217877095,163,42.78103356,89,45.17333333,341,59.95316159,30,46.70406732,56,0.106111858,102,0.088503776,91,,7.228580696,150,7.413928919,192,77.16,189,1.26,54,1.22,49,-0.38,238,0.68,95,-3.02,353,1.24,51,2.93079,14,25.19,311,17.17,240,19.58,182,27.79,13,15.75,335,19.66,192,34.7,207,33.37,54,7.84,350,15.76,57,8.27,184,28.43,105,24.27,145,17.41,234,16.63,164,13.2,242,31.2,29,Southeastern Conference (SEC),Tennessee,Rick Barnes,Tennessee Volunteers,201516,9 years,10,2,Midwest,March Madness,1,No,No,No,No,Yes
2025,SEC,74.9,1,76.3,1,126.5,4,118.7,9,96.6,32,106.1,176,14.9,4,16.5,12,56.34995296,15,16.65466242,150,34.71882641,40,40.12229539,25,20.31925507,101,45.36082474,304,34.31992019,103,19.94789728,124,52.92147376,57,27.13062895,328,76.2512,1,74.9404,1,118.725,9,126.598,4,106.121,176,96.6919,31,29.9064,6,59.66754156,4,34.99491353,115,71.62954279,209,10.08230453,129,48.7654321,93,30.79847909,30,70.43363995,92,12.24846894,344,46.23706491,41,35.11348465,58,54.09356725,115,43.71069182,21,0.078932049,321,0.101822344,234,,6.472428049,62,5.64364153,358,78.08,59,1.61,33,3.14,2,0.25,144,-0.5,255,-0.12,206,2.37,5,2.98715,9,38.5,34,15.83,300,19.18,200,18.67,217,21.19,146,25.09,53,29.44,292,28.82,126,26.7,28,9.97,212,5.01,322,27.25,144,29.59,24,19.81,156,11.89,336,11.4,320,29.9,47,Southeastern Conference (SEC),Alabama,Nate Oats,Alabama Crimson Tide,201920,5 years,6,2,East,March Madness,1,No,No,No,No,Yes
2025,B12,65.4,281,66.4,266,125.3,6,119.9,7,97.2,37,100,41,18,238,18,262,55.45545546,30,14.78659992,32,34.25760286,53,29.72972973,280,17.00374532,292,45.01872659,312,37.97752809,41,19.55156951,144,53.2735426,46,27.17488789,325,66.404,267,65.4879,281,119.883,7,125.335,6,100.015,41,97.2799,37,28.0555,7,54.33996383,63,37.89237668,17,76.43097643,45,8.116883117,246,48.21428571,71,31.711146,60,69.53748006,41,8.047016275,66,44.64464464,60,34.082397,32,58.3599574,47,44.97487437,31,0.096629756,180,0.091236468,123,,5.662953163,12,7.730380508,154,76.56,285,0.56,119,-1.11,321,-0.55,259,-0.78,277,-1.35,301,-0.28,212,2.6491,39,29.75,225,23.93,51,22.55,85,18.32,226,19.78,213,15.39,326,50.12,11,20.88,278,13.46,265,9.9,214,5.58,302,30.53,59,19.63,292,18.09,217,15.66,206,16.06,111,28.1,77,Big 12 Conference,Texas Tech,Grant McCasland,Texas Tech Red Raiders,202324,1 years,2,3,West,March Madness,1,No,No,No,No,No
2025,B10,67.7,144,69.2,108,118.1,27,112.5,58,90.6,5,96.8,16,17.3,132,17.5,149,51.15030675,151,16.61325136,146,35.32608696,31,37.83231084,47,22.41178751,26,54.67235363,44,22.91585886,356,20.54979721,85,49.57187922,188,29.87832357,247,69.2266,108,67.7809,144,112.538,58,118.056,29,96.7934,16,90.49,5,27.5664,8,53.57142857,87,30.78125,327,78.10810811,20,13.29170384,27,49.06333631,106,27.93931732,2,72.15189873,185,7.82674772,51,32.7198364,330,41.37029289,273,61.52993348,13,53.43709468,224,0.078923845,322,0.086336582,65,,7.979593172,248,8.546449517,63,77.94,78,1.98,20,1.46,38,-0.42,243,-0.22,209,0.88,97,1.72,21,1.60914,214,40.92,16,16.59,271,19.94,166,21.55,116,23.49,68,18.43,235,32.7,237,36.01,33,18.63,159,9.11,243,3.55,356,24.73,217,31.74,10,16.38,286,15.41,219,11.73,309,27.5,93,Big Ten Conference (Big 10),Michigan State,Tom Izzo,Michigan State Spartans,199596,29 years,30,2,South,March Madness,1,No,No,No,No,No
2025,WCC,70.2,46,70.5,53,123.6,9,121.2,3,96.3,29,97.5,18,15.6,14,18.4,337,55.71428571,25,13.21681851,4,32.68379097,95,30.85714286,250,18.15320042,232,56.45330535,17,25.39349423,326,17.9721497,249,50.30461271,151,31.7232376,159,70.5386,53,70.2431,47,121.239,3,123.611,9,97.5072,19,96.3216,28,27.2891,9,57.76664281,11,34.42389758,147,80.09259259,5,8.319185059,234,49.06621392,107,30.1863354,16,72.83950617,230,8.088761632,70,33.47619048,314,40.59505799,242,61.86844614,10,48.4774665,94,0.1066695,99,0.073521209,9,,5.864697602,22,7.56460995,175,77.31,161,0.53,126,0.87,77,0.31,138,-0.27,216,-0.9,269,0.7,84,2.98306,10,31.73,168,26.62,16,25.44,29,14,337,19.22,247,14.65,337,39.39,101,39.5,13,10.15,330,6.73,308,4.16,347,23.52,252,33.57,3,17.29,242,13.31,304,12.24,290,27.3,100,West Coast Conference (WCC),Gonzaga,Mark Few,Gonzaga Bulldogs,199900,25 years,26,8,Midwest,March Madness,1,No,No,No,No,Yes
2025,B12,68.6,102,69.5,95,119.4,20,113.8,41,92.4,9,96.5,14,16.5,53,18,288,54.5620438,50,16.88733718,162,32.16981132,110,38.47758081,40,21.07843137,73,50.30165913,158,28.6199095,260,18.25467498,234,47.55120214,265,34.19412289,81,69.4841,95,68.6373,102,113.82,41,119.483,20,96.4765,14,92.4824,10,27.0002,10,55.07844756,46,35.78500707,68,75.74525745,59,10.23131673,119,47.5088968,51,33.20363165,134,74.95429616,314,9.331131296,178,36.86131387,234,40.68601583,247,53.91304348,118,55.3164557,271,0.1327783,13,0.10484759,262,,6.402578219,54,8.5510944,62,78,68,0.93,86,1.5,36,0.29,139,0.68,95,0.58,136,1.21,52,2.81471,24,29.94,214,19.31,176,21.64,103,14.59,327,24.66,41,19.77,189,45.61,28,19.09,307,15.59,225,7.63,283,12.04,74,24.25,231,25.89,89,19.52,165,18.47,95,11.84,304,27,107,Big 12 Conference,Iowa State,T. J. Otzelberger,Iowa State Cyclones,202122,3 years,4,3,South,March Madness,1,No,No,No,No,Yes
2025,BE,70.1,49,70.4,55,113.9,65,110.1,93,87.5,1,92.1,2,15.8,19,18.3,315,49.6856758,244,15.56131901,67,37.3292868,9,30.17512348,269,17.3019432,283,59.71599402,3,22.98206278,355,17.94642857,251,47.76785714,258,34.28571429,78,70.4189,55,70.1918,49,110.13,94,113.938,64,92.0927,2,87.5628,1,26.3752,12,51.48195876,159,30.37037037,338,68.89880952,295,15.14114628,9,45.76561163,12,31.80124224,66,67,4,8.31185567,85,30.30983386,346,40.78014184,252,53.68525896,120,55.87863464,284,0.128442633,20,0.093038574,144,,6.257461611,42,9.015684822,32,78.2,46,0.45,135,0.17,149,1.6,22,2.08,11,0.66,127,0.31,137,2.34857,68,25.71,305,20.48,129,18.12,243,25.57,31,18.86,256,16.92,283,38.07,134,22.94,237,20.22,126,10.29,200,8.41,176,20.87,321,16.08,350,24.87,37,20.47,44,17.65,65,26.4,122,Big East Conference,St. John's,Rick Pitino,St. John's Red Storm,202324,1 years,2,2,West,March Madness,1,No,No,No,No,No
2025,B10,69.8,56,70.8,47,118.1,28,114.9,33,91.8,6,94.8,8,16.1,29,18,261,53.78378378,60,14.50945248,22,30.95866315,151,32.92383292,180,18.7755102,192,51.28014842,123,29.94434137,222,16.91542289,300,53.9122569,35,29.17232022,276,70.7574,47,69.8717,57,114.918,33,118.089,28,94.8324,8,91.7546,6,26.3341,13,52.62757045,116,37.25761773,27,75.52238806,68,11.89146049,58,47.56584198,53,30.71428571,26,73.91304348,274,6.321401371,4,35.47911548,271,35.84229391,82,50.41666667,220,49.19852035,112,0.110954637,69,0.069560022,5,,7.553450262,191,9.132420091,25,77.5,131,0.37,148,1.08,57,-0.61,269,0.55,126,0.08,185,0.72,81,2.15108,98,24.71,315,24.16,44,19.58,184,15.15,315,21.06,149,20,178,30.59,273,41.39,5,9.03,342,8.34,267,10.6,104,32.91,20,31.48,11,15.02,327,8.8,363,11.74,308,26.3,126,Big Ten Conference (Big 10),Maryland,Kevin Willard,Maryland Terrapins,202223,2 years,3,4,West,March Madness,1,No,No,No,No,No
2025,B10,67.6,152,68.6,143,122,13,115.8,21,96,27,102.3,82,17.7,194,17.4,133,54.48172258,52,14.25385953,17,27.84697509,240,34.0010015,151,20.49689441,94,42.23602484,351,37.26708075,50,17.41479634,275,49.54280964,189,33.04239401,117,68.6675,142,67.7504,148,116.921,18,123.276,10,102.695,90,96.8339,33,26.4425,11,55.47024952,38,35.60209424,79,82.62150221,1,6.072555205,335,47.00315457,39,33.24968632,140,71.86963979,165,10.94049904,308,47.8217326,20,38.59564165,172,54.90196078,99,48.7804878,103,0.075963683,331,0.069135486,3,,7.340310896,166,6.998901087,246,78,69,2.26,12,0.52,113,-0.11,191,0.7,93,0.6,131,1.39,38,2.59655,45,31.45,173,20.27,138,14.39,345,26.14,23,19.77,215,19.36,207,36.02,177,25.2,197,13.41,267,9.8,223,15.5,26,26.58,159,19.54,297,21.26,109,15.42,218,17.13,77,26,131,Big Ten Conference (Big 10),Wisconsin,Greg Gard,Wisconsin Badgers,201516,9 years,10,3,East,March Madness,1,No,No,No,No,No
2025,B12,69.9,54,70.2,64,122.5,12,115.4,27,96.8,33,102.5,88,16.4,47,17.8,224,52.87856797,83,16.22507085,116,35.89301122,20,36.57474601,72,21.33861101,63,53.61640878,65,25.04498021,331,17.66138855,266,46.52862363,291,35.80998782,41,70.2006,64,69.9324,54,115.408,27,122.567,13,102.537,87,96.8244,32,25.7423,14,55.14433753,45,32.40223464,247,78.43915344,18,12.0362737,54,47.23825227,44,33.6,170,71.42857143,143,6.735751295,10,34.63957426,292,41.90613027,285,56.70419652,68,53.17185698,218,0.108999194,84,0.090693986,114,,7.155672274,143,5.741178918,354,77.89,81,0.77,97,0.01,171,-0.02,184,0.68,95,1.99,24,0.39,127,2.72421,30,29.61,228,19.73,153,19.64,180,19.79,178,23.15,77,17.69,270,29.31,293,34.08,47,23.37,58,7.17,296,6.08,284,24.4,226,24.94,119,18.67,195,18.43,97,13.56,222,25.7,143,Big 12 Conference,Arizona,Tommy Lloyd,Arizona Wildcats,202122,3 years,4,4,East,March Madness,1,No,No,No,No,No
2025,SEC,68.2,121,70,79,125.3,5,120.4,6,100.9,73,105.1,158,16.5,55,17.6,174,56.19747899,18,15.23710862,47,33.73271889,67,46.8487395,2,23.21492644,17,45.35342662,305,31.43164693,183,20.96840378,68,49.24086992,205,29.7907263,254,69.9508,79,68.279,121,120.367,5,125.359,5,105.067,158,100.97,73,24.3888,15,56.73249551,20,36.96202532,36,72.53363229,165,7.489361702,279,51.06382979,186,33.37931034,155,76.15499255,349,10.41292639,285,41.49159664,119,38.15789474,155,49.02597403,255,48.33729216,91,0.133810302,10,0.092803919,140,,5.956716684,25,6.647350502,285,78.28,41,1.25,56,1.65,29,0.39,131,0.18,165,1.88,28,1.45,31,2.67261,35,37.94,44,14.08,338,22.62,79,21.4,124,20.57,178,21.27,142,36.23,172,21.54,263,15.49,227,11.88,146,14.76,35,30.06,71,21.14,256,16.87,260,13.03,315,18.83,40,24.4,198,Southeastern Conference (SEC),Missouri,Dennis Gates,Missouri Tigers,202223,2 years,3,6,West,March Madness,1,No,No,No,No,No
2025,SEC,70.9,23,72.7,11,123.8,8,116.9,17,99.5,56,106.8,191,16.3,41,16.8,25,56.00098377,20,15.20059806,44,28.68217054,221,35.85833743,96,19.11190053,168,47.10479574,259,33.78330373,111,18.13229572,239,49.18287938,211,32.6848249,128,72.7146,11,71.013,24,116.923,17,123.868,8,106.759,191,99.6111,57,24.2565,16,55.94936709,33,37.38207547,26,73.79972565,119,11.29032258,78,53.65025467,289,30.83700441,31,72.02472952,177,8.016877637,63,41.71175603,115,43.5282838,316,56.73469388,67,46.27192982,48,0.092615666,212,0.086385912,66,,6.562006811,71,4.734612509,364,78.55,22,1.18,60,1.58,34,1.5,28,1.29,50,1.18,77,1.38,41,3.05353,7,39.4,24,18.63,207,20.85,131,20.46,154,20.45,183,19.6,195,28.8,306,31.59,76,7.17,353,17.2,35,15.23,29,23.42,257,29.43,26,16.06,295,17.64,120,13.44,225,24.3,201,Southeastern Conference (SEC),Kentucky,Mark Pope,Kentucky Wildcats,202425,0 years,1,3,Midwest,March Madness,1,No,No,No,No,Yes
2025,SEC,66.1,237,67.5,202,116.2,44,109.4,110,92.1,7,99.5,34,17.1,116,18.3,321,47.472642,317,18.15069673,249,42.04545455,1,41.68837936,17,23.38099243,13,48.35996636,217,28.25904121,268,21.98712052,40,39.92640294,362,38.08647654,14,67.4829,202,66.2185,237,109.403,110,116.281,43,99.5409,34,92.2075,8,24.0735,17,47.9966611,293,31.06796117,317,69.5,274,13.91862955,20,46.46680942,27,33.37363966,154,76.8488746,353,14.77462437,364,37.5716519,208,46.96195344,352,47.68460576,286,64.78873239,363,0.110742226,72,0.117175384,344,,6.433158336,58,8.638812623,51,77.45,136,-0.89,268,-0.04,177,1.05,49,0.91,74,0.17,175,-0.47,235,2.97519,11,39.03,30,22.41,88,12.47,360,13.89,340,23.79,62,27.38,26,38.89,112,31.3,83,17.97,175,6.91,304,4.86,328,21.23,313,24,153,18.44,205,17.11,143,19.15,34,24.1,213,Southeastern Conference (SEC),Texas A&M,Buzz Williams,Texas A&M Aggies,201920,5 years,6,4,South,March Madness,1,No,No,No,No,No
2025,ACC,64.2,327,65.1,324,118.7,24,115.1,32,94.7,16,98.5,24,17.7,184,19.1,363,53.63171355,65,15.7230913,79,33.72835005,68,28.18414322,316,16.75267963,301,50.01984915,165,33.22747122,124,16.38209506,319,52.05353023,85,31.56437471,163,65.0748,325,64.3278,327,115.072,32,118.69,24,98.5179,24,94.7724,15,23.9175,18,52.3255814,130,37.15046605,31,76.58802178,41,10.4111986,113,49.34383202,116,32.11267606,80,69.47162427,36,8.056478405,68,38.41432225,182,38.31624393,160,52.25522552,160,43.68686869,20,0.112568219,62,0.092515581,134,,6.471533229,61,8.841390468,36,77.95,77,1.62,32,1.44,39,0.25,143,0.39,141,0.01,195,1.53,26,3.02466,8,26.49,291,22.62,82,20.05,163,15.54,309,24.59,43,17.17,279,31.27,259,31.65,73,17.25,192,7.44,289,12.32,70,27.3,140,29.63,23,16.83,262,14.02,282,12.17,293,24,220,Atlantic Coast Conference (ACC),Clemson,Brad Brownell,Clemson Tigers,201011,14 years,15,5,Midwest,March Madness,1,No,No,No,No,No
2025,B10,65,297,66.6,257,124.2,7,117,15,100.4,63,106.8,192,18.6,291,17.6,168,56.3338701,16,15.56659327,68,30.96646943,150,34.6215781,130,18.32684825,220,49.80544747,175,31.86770428,166,17.77493606,260,51.15089514,114,31.0741688,194,66.5761,257,65.0357,297,117.029,16,124.163,7,106.819,192,100.363,61,23.8002,19,55.50737207,37,38.45070423,9,73.02325581,147,5.268109125,356,56.44402634,350,30.72060683,27,72.64808362,220,8.759757155,127,38.11057434,192,42.66450917,299,57.72179628,53,58.00711744,317,0.098315326,163,0.088301728,90,,6.73642048,97,7.965362054,119,77.2,182,0.41,141,0.64,101,-0.11,191,0.02,182,-0.97,276,0.52,109,1.73675,186,29.6,229,20.09,143,21.46,108,20.21,162,16.21,323,22.02,123,42.62,58,28.33,137,8.19,347,14.79,72,6.04,286,20.94,320,24.63,133,15.72,310,16.99,149,21.71,9,23.8,230,Big Ten Conference (Big 10),Purdue,Matt Painter,Purdue Boilermakers,200506,19 years,20,4,Midwest,March Madness,1,No,No,No,No,Yes
2025,B10,71.3,18,72.4,16,121.6,15,115.1,30,98.1,41,102.5,87,16.9,88,16.5,8,52.31897776,104,15.8363165,87,36.00668338,18,34.59536204,132,20.06507592,115,46.4208243,283,33.51409978,115,16.77497969,306,56.53939886,9,26.68562145,337,72.3857,16,71.4016,18,115.12,31,121.633,15,102.486,86,98.0448,40,23.5881,20,57.27029438,18,31.14919355,316,75.92339261,55,9.139072848,185,46.09271523,18,33.28267477,143,71.20689655,133,8.831400535,133,46.94746805,30,30.35055351,3,51.94532072,172,45.79234973,38,0.060269446,359,0.087286784,77,,7.107638113,139,6.650421626,284,78.84,14,2.06,17,1.59,32,2.06,10,1.99,13,0.48,140,1.82,15,1.07917,301,30.94,186,21.03,115,17.33,273,21.4,125,21.41,137,18.77,228,34.13,215,15.8,341,19.57,139,14.75,73,15.68,24,32.22,25,14.92,361,20.4,140,18.93,83,13.47,224,23.5,244,Big Ten Conference (Big 10),Illinois,Brad Underwood,Illinois Fighting Illini,201718,7 years,8,6,Midwest,March Madness,1,No,No,No,No,No
2025,B12,68.3,113,69.2,110,116,48,109,116,92.7,11,98.8,27,16.6,62,18,273,53.14496314,78,16.72833253,154,30.41958042,166,24.32432432,355,13.99602386,355,56.77932406,13,29.22465209,238,18.06649169,247,48.46894138,235,33.46456693,103,69.1559,110,68.4297,113,109.004,116,116.021,48,98.7957,27,92.761,11,23.2603,21,53.3632287,90,35.15064562,102,71.11111111,222,13.06156406,32,46.08985025,17,30.94660194,36,72.71126761,222,8.89387145,141,34.25061425,297,40.67127345,246,60.89676747,20,52.65760198,206,0.089275557,247,0.106610617,277,,6.067270866,31,6.717335601,279,77.96,74,3.46,2,0.28,133,0.72,92,-0.15,200,-0.53,245,1.87,13,3.639,1,28.34,264,27.92,10,18.16,241,18.02,237,20.14,195,15.69,317,43.5,43,28.31,139,15.64,224,6.21,320,6.24,277,36.63,6,17.34,339,15.1,325,17.45,127,13.4,231,23.3,254,Big 12 Conference,Kansas,Bill Self,Kansas Jayhawks,200304,21 years,22,7,West,March Madness,1,No,No,No,No,Yes
2025,WCC,61.7,359,63.5,359,115.3,56,114.9,34,92.2,8,95.9,11,20.2,359,17.4,121,50.86842105,172,15.14781334,43,40.52111411,2,31.42105263,225,17.6746167,263,55.87734242,23,26.44804089,314,16.85336049,302,56.7209776,6,26.42566191,341,63.4672,359,61.7537,359,114.861,34,115.324,56,95.9112,12,92.2318,9,23.0917,22,51.81674566,145,32.64984227,232,69.51423786,273,10.37037037,114,45.8436214,13,31.22743682,44,74.71783296,306,7.187993681,21,33.36842105,317,31.31712832,6,57.12630359,58,54.10958904,237,0.097239189,175,0.081114097,23,,7.036403616,130,6.889811874,257,78.4,30,1.54,38,1.08,55,0.91,60,0.58,122,1.88,28,1.31,44,1.69338,199,19.28,359,20.34,135,21.34,116,15.07,316,22.64,89,20.56,156,42.11,68,26.4,177,22.99,61,3.96,358,4.47,341,24,237,27.96,50,18.98,186,12.58,328,16.43,95,23.1,265,West Coast Conference (WCC),Saint Mary's,Randy Bennett,Saint Mary's Gaels,200102,23 years,24,7,East,March Madness,1,No,No,No,No,No
2025,ACC,68.7,90,69,121,118.1,29,113.4,44,95.5,21,99.7,37,17,96,17.7,214,53.36967294,72,16.51901119,135,32.23070399,108,34.48959366,135,19.38622754,155,44.68562874,323,35.92814371,71,16.30388391,321,49.50917627,193,34.18693982,82,69.0231,121,68.826,90,113.399,44,118.177,27,99.6724,37,95.5301,21,22.6465,23,56.96564885,19,32.98969072,216,74.42528736,101,8.069883527,249,48.25291181,74,33.71212121,176,71.40186916,141,9.732824427,218,48.06739346,18,39.71915747,214,51.90839695,174,46.635183,52,0.092574407,214,0.093423714,148,,7.176639825,145,9.34237137,16,78.01,67,1.61,33,0.41,119,0.89,61,0.23,156,0.88,97,1.01,62,3.17552,5,23.29,331,15.18,317,20.55,144,21.02,136,19.99,204,23.25,94,31.42,255,20.79,280,21.28,97,20.36,19,6.16,281,23.42,258,21.56,237,21.61,98,19.84,62,13.57,220,22.6,291,Atlantic Coast Conference (ACC),Louisville,Pat Kelsey,Louisville Cardinals,202425,0 years,1,8,South,March Madness,1,No,No,No,No,No
2025,B12,67.2,180,67.8,189,123,11,117.2,14,100.6,68,102.8,92,17.2,118,18.1,302,57.18274112,7,17.55338698,207,33.30300273,79,30.15228426,270,15.68113772,331,44.68562874,323,39.63323353,18,17.05857204,292,44.97648568,325,37.96494228,15,67.7804,189,67.3028,181,117.204,14,123.05,12,102.804,92,100.654,68,22.3965,24,58.64440079,6,37.07983193,33,70.53872054,241,9.756097561,144,49.34333959,115,34.7826087,243,70.61946903,109,8.447937132,94,48.3248731,15,44.3922796,331,59.78947368,33,52.06812652,191,0.103564983,126,0.095227124,169,,8.030674544,256,6.845820923,264,78.35,33,-0.15,201,0.96,61,0.76,89,1.56,33,2.6,9,0.4,124,1.92844,131,41.75,12,18.97,194,17.24,277,21.72,112,25.82,26,16.23,302,10.84,364,36.22,30,27.97,19,15.78,56,9.18,146,18.92,347,29.22,31,22.64,73,17.57,123,11.64,313,22.4,303,Big 12 Conference,BYU,Kevin Young,BYU Cougars,202425,0 years,1,6,East,March Madness,1,No,No,No,No,No
2025,B10,69.4,65,70.6,51,116,47,109.8,100,93.7,14,100.2,44,15.9,22,18.1,300,54.94791667,38,20.04351272,333,33.73605948,66,35.36458333,112,18.9085319,182,49.73097617,180,31.36049193,187,18.06669481,246,49.89447024,170,32.03883495,153,70.7172,49,69.6043,61,110.475,84,116.787,37,100.897,63,94.9671,16,21.8201,26,58.18345324,7,33.66336634,185,72.45949926,169,9.397024276,162,46.28034456,21,31.98482933,76,72.54237288,215,7.464028777,32,42.08333333,102,38.24951644,157,58.21545158,49,44.78672986,29,0.077876069,323,0.103834758,250,,9.660036917,350,8.383380055,75,79.11,5,3.29,3,3.14,1,0.09,167,1.37,44,1.65,46,3.22,2,2.25391,79,28.97,251,28.6,7,21.36,113,13.9,338,17.66,288,18.45,234,34.73,204,26.5,172,16.88,200,13.27,110,8.59,170,30.9,52,25.6,101,14.02,344,15.26,231,14.2,189,22.3,312,Big Ten Conference (Big 10),Michigan,Dusty May,Michigan Wolverines,202425,0 years,1,5,South,March Madness,1,No,No,No,No,No
2025,SEC,68,130,69.3,102,117.8,31,110.7,82,95.8,25,102.6,89,16.9,87,17.7,209,51.08421583,158,12.75287509,3,25.35446205,313,35.60262229,105,20.45543777,96,47.50687083,246,32.0376914,161,21.58850866,47,44.78242501,328,33.46007605,105,69.3352,102,68.1108,130,110.694,82,117.897,31,102.594,88,95.8241,25,22.0726,25,51.01180438,181,34.12797992,157,73.79603399,120,12.3540856,48,51.55642023,210,32.71375465,114,70.48275862,98,11.21416526,316,40.19162885,151,43.97820163,323,53.36374002,128,57.80856423,314,0.125793666,25,0.083284082,40,,4.424466868,1,7.938014087,121,76.19,326,-0.87,265,-0.5,239,-0.9,293,-1.15,308,-1.67,320,-0.68,269,3.46982,3,30.44,202,24.81,35,21.13,124,13.48,348,21.48,134,19.1,212,35.79,185,33.51,51,18.41,167,9.27,236,3.02,363,30.12,70,21.64,234,17.95,223,16.89,154,13.4,229,22,339,Southeastern Conference (SEC),Ole Miss,Chris Beard,Ole Miss Rebels,202324,1 years,2,6,South,March Madness,1,No,No,No,No,No
2025,B10,64.9,301,66.6,259,116.8,35,112.4,61,95.1,17,98.9,29,18,228,18.2,311,52.96815974,82,15.91577317,91,32.82876064,91,32.91958985,181,17.93478261,248,52.59197324,81,29.47324415,234,20.39942939,94,44.50784593,333,35.09272468,56,66.5613,259,64.9617,301,112.395,61,116.828,36,98.9106,29,95.0405,17,21.7873,27,53.08016878,105,35.17964072,100,70.32786885,248,10.50328228,110,51.20350109,193,33.15363881,129,74.86910995,309,7.004219409,16,36.04964922,257,44.80676329,337,60.53240741,24,57.84313725,316,0.121598385,34,0.084978022,54,,7.417970974,177,10.61051544,1,78.1,57,1.48,43,0.88,76,0.96,55,-0.11,194,1.29,70,1.18,54,2.23244,83,35.53,71,24.38,41,23.75,50,15.07,317,21.22,143,15.53,321,35.97,179,20.83,279,24.1,49,10.49,192,8.53,172,25.59,188,20.87,262,24.24,42,17.26,135,11.98,301,21.7,359,Big Ten Conference (Big 10),UCLA,Mick Cronin,UCLA Bruins,201920,5 years,6,7,Midwest,March Madness,1,No,No,No,No,No
2025,BE,67.6,156,68.1,172,117.7,32,112.2,62,96.1,28,100.3,46,16,24,18.9,359,52.03488372,114,13.50844278,8,30.11647255,176,26.06589147,341,15.33307056,343,48.00945999,227,36.65746945,60,18.08134394,243,50.7515473,130,31.16710875,186,68.1294,172,67.6373,156,112.213,62,117.695,32,100.274,45,96.1073,27,21.5878,28,54.91433724,49,32.46073298,245,72.30483271,177,10.91234347,95,51.34168157,199,31.75675676,63,72.77580071,227,8.65644725,113,46.26937984,40,39.8277718,217,49.51033732,244,60.07416564,344,0.131552809,15,0.081227238,25,,5.385719016,7,8.34344995,81,78.33,35,0.65,105,0.85,80,0.18,154,1.68,21,2.29,15,0.75,79,2.0794,115,26.07,298,15.5,310,21.58,104,16.2,293,27.18,15,19.49,200,27.4,323,20.66,282,18.06,172,9.62,226,24.2,2,19.41,341,22.13,224,20.23,145,20.28,52,17.9,60,21.6,365,Big East Conference,Marquette,Shaka Smart,Marquette Golden Eagles,202122,3 years,4,7,South,March Madness,1,No,No,No,No,Yes
2025,B12,64.5,319,65.4,311,120.8,16,113.2,46,99.7,58,104.9,152,18.4,281,18.1,298,51.54127482,137,16.11128024,106,35.5734767,26,31.03448276,242,18.33609272,219,48.50993377,214,33.15397351,126,18.61821445,204,46.92687304,282,34.45491252,74,65.4265,310,64.5974,319,113.197,46,120.886,16,104.882,152,99.7268,58,21.1589,29,51.22377622,169,34.67532468,131,74.57912458,96,8.19047619,244,49.80952381,128,35.40802213,277,69.86531987,59,11.01398601,310,40.22988506,147,40.77834179,251,53.45838218,125,59.82028241,340,0.110999227,68,0.086644966,67,,7.446783598,180,7.680959183,159,76.94,217,-1.02,282,-0.37,225,-0.13,215,0.03,181,0.15,179,-0.69,273,2.74058,29,28.41,263,15.18,316,24.56,39,22.85,77,17.29,297,20.1,173,26.63,331,40.46,10,21.17,102,6.6,311,5.11,316,23.33,261,34.36,2,18.97,187,12.83,323,10.5,344,21.1,397,Big 12 Conference,Baylor,Scott Drew,Baylor Bears,200304,21 years,22,9,East,March Madness,1,No,No,No,No,No
2025,A10,66.1,241,66.4,269,116.3,41,115.1,31,95.7,23,94.1,5,17.2,120,18.8,355,52.43455497,98,16.53337705,137,36.67247387,12,31.62303665,213,18.27825377,223,44.63484292,327,37.0869033,51,22.55,29,49.7,180,27.75,316,66.4582,265,66.1584,241,115.356,28,116.251,45,93.9477,5,95.5473,22,20.7041,30,54.26587302,65,33.59201774,189,74.17218543,110,15.26175688,8,44.09937888,5,30.17944535,15,71.58730159,151,7.53968254,37,47.22513089,29,35.22988506,63,56.58823529,71,45.45454545,34,0.12411742,30,0.096015362,181,,6.931840802,118,8.243270143,94,78.08,58,0.61,109,2.13,11,0.03,177,1.08,66,0.53,139,1.37,42,2.65495,37,33.25,131,12.69,352,16.05,314,24.18,52,21.2,145,25.87,38,28.7,307,20.67,281,16.9,199,20.59,18,13.11,53,15.13,360,29.37,27,20.56,134,20.81,39,14.13,192,20.6,429,Atlantic 10 Conference (A-10),VCU,Ryan Odom,VCU Rams,202324,1 years,2,11,East,March Madness,1,No,No,No,No,No
2025,SEC,68.1,124,69.7,86,118.7,23,113.2,47,98.6,47,105,157,16.5,54,17.7,210,51.74224344,123,15.08525749,38,34.07643312,57,31.64677804,211,17.62917933,268,50.68389058,147,31.68693009,176,19.16632611,165,43.5635472,345,37.27012669,21,69.7482,86,68.2016,124,113.152,47,118.786,23,105.036,157,98.6992,47,20.0867,32,55.16956162,44,31.37697517,298,69.98491704,262,14.09774436,17,50.09398496,146,36.10451306,314,69.48148148,37,8.602150538,110,42.29116945,98,44.17628541,326,53.33333333,130,53.1660693,217,0.130652942,16,0.086815442,69,,6.403713294,55,5.930955937,348,77.34,154,0.61,109,-0.01,173,0.63,101,1.11,62,-1.64,316,0.3,138,2.27205,77,31.82,165,22.92,72,17.13,286,13.69,342,20.89,162,25.37,46,37.61,143,25.93,183,22.76,64,10.84,182,2.87,364,32.79,21,22.53,209,16.92,259,16.31,179,11.45,317,20.1,467,Southeastern Conference (SEC),Mississippi State,Chris Jans,Mississippi State Bulldogs,202223,2 years,3,8,East,March Madness,1,No,No,No,No,No
2025,B10,67.6,151,68.6,144,116.6,39,110,96,96.5,31,102.4,85,17.1,99,17.9,258,52.24806202,105,16.24941986,120,30.55303717,162,33.38501292,170,19.60238569,139,50.09940358,161,30.29821074,214,16.91584793,299,52.96881674,54,30.11533533,237,68.6042,144,67.673,152,110.017,97,116.643,41,102.377,84,96.4943,29,20.149,31,53.03030303,108,34.00267738,171,76.31578947,49,10.07252216,130,49.95970991,141,31.71390013,61,72.13114754,180,8.754208754,124,38.60465116,177,37.3864783,123,54.41176471,107,50.29239766,137,0.103087717,128,0.087362472,78,,7.513172623,188,7.338447678,204,77.5,129,1.72,29,1.78,19,-0.11,191,-0.96,293,-0.96,275,1.75,20,2.68424,31,28.87,255,25.24,30,19.31,195,18.2,233,16.57,317,20.67,154,36.74,158,32.64,64,13.6,262,10.52,190,6.48,260,31.49,36,23.77,164,16.97,256,14.98,242,12.76,267,20.1,473,Big Ten Conference (Big 10),Oregon,Dana Altman,Oregon Ducks,201011,14 years,15,5,East,March Madness,1,No,No,No,No,Yes
2025,ACC,70.4,34,70.8,46,118.9,22,113.5,43,99.3,53,105.2,161,16.3,40,17.7,219,54.17061611,53,15.11491545,40,29.21635434,204,34.83412322,124,19.16548798,161,51.55586987,113,29.27864215,237,18.44512195,222,50.22865854,156,31.32621951,176,70.7715,46,70.5124,34,113.488,43,118.913,22,105.192,161,99.3766,54,19.5367,33,54.85327314,50,35.33930858,92,73.7414966,122,9.701492537,150,49.17910448,110,33.45543346,162,74.80680062,308,10.45899172,288,37.01421801,228,37.93422881,147,50.74626866,210,47.37406217,65,0.082590785,299,0.08619912,63,,6.495003458,67,6.895929597,255,76.42,306,-0.17,204,-0.25,215,-1.06,302,-1.48,334,-1,278,-0.21,205,2.25722,78,30.04,213,18.69,205,17.2,281,22.22,97,18.28,268,23.56,88,37.95,138,28.13,143,13.62,261,14.46,84,5.74,294,30.35,64,20.77,264,17.06,253,17.16,140,14.59,169,19.6,509,Atlantic Coast Conference (ACC),North Carolina,Hubert Davis,North Carolina Tar Heels,202122,3 years,4,11,South,March Madness,1,No,No,No,No,No
2025,SEC,66.4,221,68.5,149,115.4,54,110.2,91,96,26,101.2,67,17.8,208,17.4,110,52.51381215,96,18.87383819,291,36.10315186,16,39.83425414,27,21.38130687,61,50.95119934,135,27.6674938,294,19.20649234,161,48.60234445,231,32.19116321,147,68.5473,149,66.4963,220,110.152,92,115.468,52,101.242,67,96.1035,26,19.3641,34,53.84615385,78,33.48348348,194,71.70596394,205,14.71631206,12,47.78368794,57,30.8690013,32,73.70242215,269,9.265734266,168,36.79558011,239,40.60031596,243,47.55661502,289,48.77734878,102,0.112604783,61,0.118075461,349,,7.066292077,136,6.747169209,274,78.91,9,1.61,33,1.7,26,0.24,145,1.68,21,3.3,3,1.65,23,1.86219,151,31.83,164,24.13,45,15.74,317,19.96,168,20.29,190,19.83,186,42.14,67,28.95,124,10.62,321,9.88,216,8.33,181,25.24,205,21.16,255,14.56,334,20.84,38,18.14,55,19.4,522,Southeastern Conference (SEC),Georgia,Mike White,Georgia Bulldogs,202223,2 years,3,9,Midwest,March Madness,1,No,No,No,No,No
2025,BE,63.7,344,64.5,340,121.9,14,118.1,11,102.6,94,104.1,127,19.4,338,18,272,55.53495763,27,17.12289145,178,35.57504873,25,30.61440678,256,17.89350039,251,48.62960063,210,33.47689898,116,23.20712695,18,48.19599109,243,28.59688196,295,64.5293,340,63.7849,344,118.148,11,121.965,14,104.135,127,102.633,94,19.3318,35,57.28782288,16,35.44776119,89,79.06574394,11,17.85714286,2,46.00340136,15,35.08196721,257,72.96918768,236,8.856088561,139,42.58474576,90,34.15453527,36,64.01766004,3,44.2384106,24,0.080986649,312,0.086077238,62,,8.515167642,296,7.404493602,193,78.17,48,0.57,118,0.75,88,1.89,11,0.44,133,1.18,76,0.66,92,1.7519,178,30.43,204,22.61,83,19.12,202,18.31,228,22.32,105,17.62,272,42.28,62,17.85,328,16.23,213,7.64,282,15.99,22,29.42,84,17.78,331,21.2,111,16.51,171,15.08,140,19.3,534,Big East Conference,UConn,Dan Hurley,UConn Huskies,201819,6 years,7,8,West,March Madness,1,No,No,No,No,No
2025,BE,67,192,67.6,192,116.9,34,110.8,81,98.2,42,102.2,81,17.6,174,17.6,193,55.77122153,24,18.09808167,246,26.93014706,266,28.4679089,313,15.7544957,329,46.59890539,276,37.64659891,45,11.37901861,364,56.00676819,14,32.6142132,132,67.6333,192,67.1073,192,110.76,81,116.968,35,102.225,82,98.2653,43,18.7025,37,60.50761421,2,33.89651531,177,73.27272727,139,10.73407202,100,45.84487535,14,32.69720102,111,71.35278515,137,10.86294416,302,49.01656315,10,35.24663677,64,63.24972737,6,43.30794342,19,0.054423826,361,0.118350224,350,,6.263059288,43,6.306252801,319,78.97,7,3.15,7,2.71,3,2.53,4,1.31,49,-0.89,266,2.93,3,2.65328,38,27.14,285,27.72,12,18.41,230,12.6,358,16.88,310,24.39,69,35.37,192,29.52,111,20.1,128,9.87,218,5.13,315,25.34,200,19.93,286,16.63,272,22.04,20,16.07,110,18.7,580,Big East Conference,Creighton,Greg McDermott,Creighton Bluejays,201011,14 years,15,9,South,March Madness,1,No,No,No,No,No
2025,BW,65.6,271,66.9,235,115.2,57,116.4,19,96.5,30,93.8,4,17.4,147,18.4,340,55.42825968,32,13.44435821,7,25.63143124,308,33.76977632,157,18.5244587,208,41.53969527,356,39.93584603,15,19.04525112,175,43.65987071,343,37.29487817,20,66.9426,235,65.7295,271,116.383,20,115.29,57,93.8414,4,96.5133,30,18.7768,36,56.06060606,31,36.52365237,57,74.6365105,93,7.465825447,280,46.16193481,19,33.06878307,126,75.39370079,330,10.06493506,250,49.5908347,8,44.28822496,328,57.29411765,57,51.81422351,185,0.14191267,4,0.069555881,4,,6.48877011,66,9.149632673,23,77.58,117,-1.48,324,-1.09,305,0.41,129,1.5,34,2.55,10,-1.28,325,1.11787,295,23.08,335,16.81,259,16.42,301,25.17,36,24.86,39,16.71,289,32.64,239,23.01,236,24.62,39,6.07,322,13.6,45,24.69,218,18.44,318,24.45,40,19.71,66,12.65,275,18.7,580,Big West Conference (BWC),UC San Diego,Eric Olen,UC San Diego Tritons,201314,11 years,12,12,South,March Madness,1,No,No,No,No,No
2025,SEC,68.5,106,70,74,119,21,112.6,56,100.7,70,106.8,190,16.7,65,17.6,172,54.94296578,39,17.26693425,186,26.46775746,277,39.59804454,30,22.25211376,32,44.88854727,315,32.85933897,137,20.32388664,102,49.79757085,178,29.87854251,246,70.0235,74,68.6051,106,112.581,56,119.062,21,106.757,190,100.717,70,18.345,38,54.57943925,55,36.96498054,35,79.42386831,9,6.785714286,312,54.91071429,322,30.48327138,23,72.85921626,231,10.37383178,281,41.87941336,109,41.87856772,284,52.01380898,169,47.27061556,62,0.111650853,66,0.103428503,249,,6.924083911,117,6.967359436,247,77.14,190,0.75,98,-0.35,223,-0.66,274,-0.33,239,0.28,161,0.2,146,2.29182,74,34.54,89,16.28,283,22.61,81,19.61,186,23.68,64,17.75,264,56.15,3,18.69,314,8.98,343,9.42,230,6.73,246,23.27,263,25.58,104,19.4,170,18.26,103,13.41,227,18.3,624,Southeastern Conference (SEC),Oklahoma,Porter Moser,Oklahoma Sooners,202122,3 years,4,9,West,March Madness,1,No,No,No,No,No
2025,SEC,69.3,68,70.5,54,112.9,73,107.9,138,95.2,20,100.7,58,16.8,79,17.3,105,52.73152966,88,16.49608218,132,27.56119674,249,35.5359001,107,19.81803797,128,52.2943038,94,27.88765823,287,18.10051107,242,49.82964225,173,32.06984668,152,70.4614,54,69.4097,68,107.931,138,112.943,73,100.726,57,95.2503,20,17.6925,40,54.35855263,62,33.28611898,201,73.35285505,134,15.3526971,7,48.54771784,86,31.89326557,71,72.52559727,213,7.072368421,18,36.73257024,241,39.50803213,204,53.23660714,135,48.5645933,97,0.107545886,91,0.095977205,180,,6.898361639,115,6.812667706,269,78.68,18,2.95,9,1.44,40,0.33,136,0.68,95,1.95,27,2.2,7,1.5731,221,35.22,79,21.29,108,23.64,52,17.29,262,17.97,281,19.78,188,32.32,245,33.5,52,19.49,142,8.28,269,6.39,269,30.76,54,25.87,90,17.39,236,13.28,306,12.66,274,17.7,670,Southeastern Conference (SEC),Arkansas,John Calipari,Arkansas Razorbacks,202425,0 years,1,10,West,March Madness,1,No,No,No,No,No
2025,MWC,65.9,252,66.3,271,116.2,43,112.6,53,98.9,49,100.3,47,17.7,183,18.4,329,55.7805008,23,17.36423231,194,26.41148325,279,31.75279702,207,18.06098514,237,47.38076622,253,34.48006255,95,19.1144235,168,49.45199474,196,31.43358176,170,66.2955,271,66.0287,252,112.599,53,116.276,44,100.329,46,98.977,49,17.2994,42,56.47716682,27,36.56716418,52,77.51677852,28,7.952622673,257,47.71573604,56,33.10249307,128,68.125,13,8.108108108,73,42.83431007,85,37.92016807,144,62.77777778,8,47.19800747,61,0.076297384,328,0.091206069,122,,8.243625441,279,9.0767578,26,77.19,183,-0.8,257,-0.14,203,0.53,115,0.56,125,-0.23,221,-0.47,238,2.39297,64,31.36,174,20.43,132,13.79,353,27.36,15,19.48,229,18.93,219,29.19,298,31.74,72,21.47,90,7.17,297,10.41,111,22.05,293,17.17,342,34.21,1,13.62,295,12.93,253,17.3,716,Mountain West Conference (MW),Colorado State,Niko Medved,Colorado State Rams,201819,6 years,7,12,West,March Madness,1,No,No,No,No,No
2025,MWC,72.7,4,72.9,7,112.5,79,108.7,122,95.2,19,96.5,15,15.1,5,17.9,248,50.77152812,177,15.57198319,69,31.54906732,127,37.77999004,50,20.28135991,103,53.92731536,57,25.79132474,319,19.1611479,166,48.9183223,222,31.9205298,154,72.9099,7,72.7518,4,108.691,122,112.545,79,96.5138,15,95.2167,19,17.3279,41,50.62362436,199,34.05572755,163,68.37944664,307,14.27328111,14,48.21583986,72,33.84831461,186,66.66666667,2,9.537784299,203,32.15530114,334,38.25900054,158,51.53846154,183,59.49685535,336,0.11742807,39,0.094027549,158,,6.169228315,37,8.764558847,39,78.48,25,0.61,109,2.19,10,2.11,9,0.57,124,0.88,97,1.4,34,2.4775,57,27.32,281,18.03,221,16.26,311,18.31,229,19.36,234,28.04,21,34.45,210,27.37,156,18.61,160,15.82,55,3.75,352,32.42,24,28.53,38,15.59,317,14.37,263,9.09,362,17.3,716,Mountain West Conference (MW),New Mexico,Richard Pitino,New Mexico Lobos,202122,3 years,4,10,South,March Madness,1,No,No,No,No,No
2025,SEC,67.4,172,68.4,157,116.7,37,112.9,50,99.5,57,104.1,126,17.2,122,17.9,245,52.53479125,95,14.35771462,18,29.78540773,190,36.5805169,71,20.65991751,85,50.46869141,155,28.79640045,252,22.14983713,37,48.77850163,225,29.07166124,279,68.4326,157,67.4356,171,112.903,50,116.755,38,104.089,126,99.6019,56,17.1527,44,51.80908391,146,35.90462833,66,74.86413043,86,11.73671689,64,47.50198255,50,33.28671329,144,70.10309278,71,8.160123172,76,35.43737575,272,36.18421053,91,47.47039828,294,48.26762246,88,0.090635721,233,0.083012155,38,,6.056499089,29,7.496505866,183,78.03,64,0.87,92,0.18,147,1.06,48,0.78,85,1.23,73,0.53,107,2.85357,21,32.04,159,16.68,268,18.67,215,28.21,9,17.63,289,18.8,227,42.53,60,31.33,82,7.48,352,13.62,102,5,324,23.6,246,25.92,87,17.31,241,21.95,23,11.2,326,17.2,725,Southeastern Conference (SEC),Texas,Rodney Terry,Texas Longhorns,202223,2 years,3,11,Midwest,March Madness,1,No,No,No,No,No
2025,BE,69.1,74,69.5,100,115.5,52,111.6,67,98.3,44,101.4,69,16.4,46,18,274,53.90539054,56,16.03582376,99,25.19762846,317,37.18371837,60,21.50580697,56,46.77613136,272,31.71806167,173,16.62257496,310,52.29276896,76,31.08465608,191,69.453,100,69.1435,74,111.584,67,115.459,53,101.409,69,98.2866,44,17.1723,43,51.31810193,167,38.82352941,6,79.43786982,8,7.155025554,293,50.51107325,160,33.86167147,188,71.80952381,160,11.33567663,321,37.40374037,214,37.15203426,119,63.91509434,4,56.03864734,286,0.109883361,76,0.084422582,50,,7.59356557,196,6.610868849,292,77.31,166,0.06,181,0.91,64,0.25,142,0.07,176,-0.77,258,0.49,114,3.53945,2,24.24,322,25.12,32,17.42,266,16.98,272,24.38,49,16.06,309,37.34,151,30.51,90,18.81,154,6.75,306,6.52,259,27.28,143,22.45,210,22.71,69,14.67,251,12.84,261,17.2,725,Big East Conference,Xavier,Sean Miller,Xavier Musketeers,202223,2 years,3,11,Midwest,March Madness,1,No,No,No,No,No
2025,MWC,66,245,66.2,278,109.8,111,105,203,93.5,13,96.3,13,18.1,241,18.4,342,50.66626287,182,16.80476738,159,29.34010152,201,32.04118716,203,17.42349457,276,51.03652517,131,31.53998026,179,22.31182796,36,40.75268817,360,36.93548387,23,66.1761,278,66.1184,245,104.984,203,109.848,111,96.3478,13,93.5742,13,16.2735,46,51.64835165,153,32.76923077,228,66.72967864,334,18.54934602,1,45.06539834,8,30.37135279,20,69.98313659,64,8.591408591,109,39.37007874,169,47.27272727,354,50.68493151,214,50,127,0.112721209,59,0.089970139,110,,7.807753461,228,8.324823227,84,78.13,51,1.68,30,1.91,16,1.21,39,-0.12,196,-0.06,200,1.79,17,1.52898,227,33.85,112,16.43,278,19.58,183,20.74,145,23.6,66,19.62,194,40.68,86,25.95,182,14.92,238,8.97,248,9.45,134,22.32,286,23.04,192,20.51,136,19.43,74,14.68,160,16.3,826,Mountain West Conference (MW),San Diego State,Brian Dutcher,San Diego State Aztecs,201718,7 years,8,11,South,March Madness,1,No,No,No,No,No
2025,SEC,69.4,64,70.2,63,117.9,30,113,48,101.8,83,106.2,179,16.5,58,17.7,196,51.66750884,129,14.7236543,28,32.15821152,111,34.00707428,150,19.74097331,133,49.76452119,179,30.49450549,207,20.97785207,67,48.05683243,248,30.9653155,203,70.2044,63,69.5281,65,113.04,48,118.017,30,106.248,179,101.854,83,16.1626,49,53.59256128,86,32.53768844,239,74.73997028,90,11.36974038,75,51.47717099,207,36.92077728,337,72.02295552,176,11.41166526,323,40.22233451,149,37.45800672,125,50.05599104,228,47.32360097,63,0.12816675,21,0.081600976,29,,6.563556738,72,7.140085371,229,76.46,299,-1.87,345,-0.49,237,-0.85,288,0.15,168,-0.65,250,-1.18,316,2.37528,66,37.99,43,20.47,130,20.27,152,14.74,325,21.29,141,23.2,95,29.6,288,41.02,7,16.86,201,6.19,321,6.27,274,22.93,270,29.45,25,17.25,244,15.85,197,14.47,172,16.1,851,Southeastern Conference (SEC),Vanderbilt,Mark Byington,Vanderbilt Commodores,202425,0 years,1,10,East,March Madness,1,No,No,No,No,No
2025,Amer,70.8,27,71.4,33,113.1,72,111.2,73,97.8,40,101.6,73,16.1,26,17.7,195,53.71604305,63,19.26008474,308,34.74801061,38,39.62070733,29,20.63612268,87,51.19273003,125,28.17114729,270,19.64433416,141,47.72539289,260,32.63027295,130,71.2981,34,70.8385,28,111.124,74,113.302,71,101.709,75,98.1617,41,15.1407,52,52.2007722,133,37.80487805,18,70.50452781,244,12.95512278,36,48.85690093,96,32.42909988,96,71.00149477,123,9.498069498,197,33.62378268,311,40.71285141,248,52.38095238,153,54.4047619,248,0.10681357,97,0.107234096,283,,8.536675112,298,8.326412178,83,76.44,303,0.51,127,-0.54,246,-1.97,352,-0.72,273,-1.09,286,-0.01,178,3.1333,6,23.57,330,21.95,96,15.43,323,18.97,204,25.25,32,18.34,239,45.87,25,25.87,186,7.09,354,11.73,151,9.36,138,31.12,45,22.31,216,10.76,364,20.01,59,15.73,121,15.3,961,American Athletic Conference (AAC),Memphis,Penny Hardaway,Memphis Tigers,201819,6 years,7,5,West,March Madness,1,No,No,No,No,No
2025,MWC,67.5,159,67.3,217,120.7,17,118.7,10,105.5,149,105,154,16.5,56,19,362,55.99240781,21,15.97065856,96,34.62264151,43,37.63557484,52,19.0830721,170,48.11912226,221,32.79780564,140,20.07978723,115,45.21276596,321,34.70744681,66,67.3109,217,67.6245,158,118.7,10,120.785,17,104.996,154,105.555,149,15.2291,51,57.70676692,12,35.76923077,69,70.17291066,254,9.391124871,163,52.63157895,257,33.76455369,178,71.9047619,167,9.492481203,195,42.29934924,96,44.37428243,329,61.14221725,17,58.36575875,322,0.124886836,29,0.098888089,207,,6.081849625,32,7.753197614,149,77.29,169,1.11,69,-0.48,236,-1.29,325,-0.32,220,1.41,59,0.31,136,2.1613,95,35.7,70,18.5,211,18.29,237,14.74,326,26.4,21,22,125,30.77,270,30.06,101,10.17,329,13.61,104,15.34,28,20.48,330,23.65,171,12.58,355,20.23,53,23,2,15.2,974,Mountain West Conference (MW),Utah State,Jerrod Calhoun,Utah State Aggies,202425,0 years,1,10,Midwest,March Madness,1,No,No,No,No,No
2025,MVC,58.8,364,59.5,364,112.6,76,113.3,45,98.5,46,98.3,22,22,364,18.1,309,53.82372003,59,18.6041567,279,36.04519774,17,42.96824368,11,22.01877934,40,49.95305164,168,28.02816901,277,19.97840173,122,51.18790497,113,28.8336933,287,59.5278,364,58.8833,364,113.293,45,112.641,76,98.3466,22,98.498,46,14.1426,58,54.56410256,56,35.03521127,111,70.73906486,234,8.476517755,220,54.29553265,303,31.78571429,64,72.12475634,179,7.692307692,44,36.81140635,237,39.07885555,190,54.17236662,112,48.00613497,83,0.14564397,1,0.085579121,59,,10.04624462,355,7.494817413,184,77.32,159,-1.73,337,-0.94,294,-0.11,191,0.96,71,2.4,12,-1.33,330,0.326841,358,24.4,318,23.1,70,18.7,214,15.89,301,21.86,121,20.43,160,43.53,42,22.71,242,11.45,305,9.81,222,12.48,67,30.21,67,14.97,359,13.79,347,17.53,125,23.48,1,14.1,1154,Missouri Valley Conference (MVC),Drake,Ben McCollum,Drake Bulldogs,202425,0 years,1,11,West,March Madness,1,No,No,No,No,No
2025,Slnd,65.3,283,65.8,297,114.3,63,114.4,39,100.6,66,97.6,19,17.6,161,18.6,346,53.2731377,75,16.22191183,115,34.67048711,42,35.66591422,103,19.14346895,164,51.04925054,130,29.80728051,226,18.97332662,179,42.67740312,353,38.34927026,12,65.821,297,65.427,283,114.387,39,114.303,63,97.5513,20,100.611,66,13.6921,59,53.16681534,99,35.6374808,77,70.7278481,235,11.83628319,60,46.90265487,35,32.19264892,84,70.86466165,116,8.831400535,133,36.73814898,240,46.60366214,351,50.12077295,227,55.01474926,264,0.133303928,11,0.09409689,160,,6.812222794,105,8.233477909,95,77.05,202,-0.67,234,-0.91,288,0.09,169,0.13,171,0.61,130,-0.79,284,2.76355,28,34.44,92,14.84,321,19.75,174,17.86,243,27.73,11,19.83,185,38.4,127,22.46,247,20.2,127,9.97,211,8.97,151,28.05,117,22.93,196,18.4,208,14.98,243,15.64,126,13.7,1205,Southland Conference (SLC),McNeese,Will Wade,McNeese Cowboys,202324,1 years,2,12,Midwest,March Madness,1,No,No,No,No,No
2025,CUSA,65.3,284,66.4,265,112.5,80,111.5,69,98.9,48,96.9,17,18.6,290,17.3,104,58.44735277,1,15.33197103,50,18.9217759,361,30.93396788,244,14.7505423,347,43.99132321,336,41.25813449,8,17.38913802,277,56.60189337,8,26.00896861,343,66.4331,266,65.3931,284,111.512,69,112.496,80,96.8666,17,98.9632,48,13.5325,62,57.67918089,13,39.52618454,5,65.38461538,348,7.77027027,271,47.97297297,62,28.01932367,3,73.62869198,267,9.101251422,158,47.70969661,22,34.40443213,41,61.16504854,16,39.35309973,3,0.091411436,227,0.089960461,109,,6.335924936,49,7.738534273,152,75.67,347,-1.27,299,-0.3,219,0,180,-3.11,361,-2.97,352,-0.79,283,1.8927,143,21.29,349,20.88,119,17.88,253,22.66,82,21.61,130,16.95,282,43.23,45,32.8,61,13.98,254,5.4,336,4.56,335,25.64,187,23.76,166,23.92,47,16.39,175,10.27,345,13.6,1237,Conference USA (CUSA),Liberty,Ritchie McKay,Liberty Flames,201516,9 years,10,12,East,March Madness,1,No,No,No,No,No
2025,Ivy,67.2,184,68.8,140,115.1,59,117.7,12,104,117,102.3,84,17.6,172,17.2,68,54.53714982,51,14.74336986,29,33.62930078,72,31.97320341,204,17.76859504,257,55.09641873,35,27.13498623,300,18.39323467,227,41.01479915,358,40.59196617,3,68.8319,139,67.4019,174,117.148,15,114.444,61,101.516,71,103.508,105,10.9363,74,53.61930295,85,37.66730402,22,73.71428571,123,12.11031175,53,46.52278177,28,33.42036554,157,75.98253275,345,7.685433423,43,31.85140073,336,47.875,359,53.57590966,122,59.16149068,330,0.082326116,303,0.083940354,47,,6.349334463,50,7.8559562,134,77.79,93,-0.74,243,-0.58,253,0.89,61,1.8,20,1.57,50,-0.66,263,1.70587,195,29.81,223,19.49,169,21.1,126,18.88,208,23.86,59,16.65,291,34.89,201,27.4,155,21.65,85,6.73,307,9.3,139,16.92,358,24.06,149,20.58,132,16.74,161,21.69,10,11.1,1631,Ivy League,Yale,James Jones,Yale Bulldogs,199900,25 years,26,13,South,March Madness,1,No,No,No,No,No
2025,ASun,65.9,257,67.3,218,112.7,75,115.5,25,103.2,100,100.7,57,17.6,162,17.9,250,55.91634562,22,14.43617372,21,24.13108242,329,31.37039075,227,18.2622687,225,43.60418343,339,38.13354787,37,13.3302583,360,55.81180812,16,30.85793358,207,67.3035,218,65.9466,258,115.488,25,112.711,75,100.691,56,103.225,100,9.48582,83,56.69456067,21,36.70150987,46,79.64912281,7,7.749381698,273,49.87633965,137,31.01529903,40,67.05336427,5,10.14644351,255,47.38580077,26,37.21532091,120,54.42890443,106,39.49275362,5,0.099017345,160,0.091151482,121,,5.32102557,4,5.922532808,349,76.71,264,0.55,123,0.56,109,-2.11,356,-0.34,240,-1.12,287,0.55,103,2.68035,33,23.19,333,18.63,206,26.28,18,16.56,287,20.34,188,18.17,247,31.41,256,26.97,162,16.01,216,19.26,23,6.31,273,18.7,351,27.44,58,15.67,312,21.56,29,16.6,87,9.5,1890,Atlantic Sun Conference (ASUN),Lipscomb,Lennie Acuff,Lipscomb Bisons,201920,5 years,6,14,South,March Madness,1,No,No,No,No,No
2025,BSth,66.4,222,67.2,226,118.5,25,121.3,2,109.1,227,105,153,17.6,173,18,269,56.41580942,12,15.33268096,51,33.98821218,60,37.6285869,53,20.30592734,102,49.40726577,187,30.28680688,215,20.69118299,80,50.59813912,134,28.71067789,290,67.1662,226,66.4904,222,121.342,2,118.496,25,104.975,153,109.181,227,9.31501,84,57.37122558,15,36.61581137,51,76.4028777,47,7.191780822,290,48.8869863,98,32.92682927,121,70.54380665,104,7.992895204,61,39.03627504,173,35.96491228,87,44.94505495,328,43.07496823,18,0.087085922,267,0.073189232,8,,8.013757723,253,7.782146228,142,77.05,201,1.45,44,-0.12,199,-1.51,335,-0.51,257,-0.07,202,0.67,91,2.37143,67,37.38,53,15.3,312,23.38,61,15.58,308,22.83,85,22.88,105,46.96,21,28.63,131,8.49,345,9.11,244,6.77,245,36.69,5,18.74,310,15.62,315,14.79,248,14.12,193,9.4,1908,Big South Conference,High Point,Alan Huss,High Point Panthers,202324,1 years,2,13,Midwest,March Madness,1,No,No,No,No,No
2025,WAC,71.4,14,72.6,13,107.8,149,107.8,140,100.6,67,95.8,10,16.2,31,17.1,66,51.23390558,148,18.44395237,271,32.50688705,99,43.93776824,7,23.96496815,9,52.38853503,87,23.64649682,349,20.00897263,119,51.86182144,91,28.12920592,307,72.5662,13,71.5151,14,107.787,140,107.859,149,95.8496,11,100.641,67,7.21812,93,53.15024233,100,31.62939297,285,73.5042735,129,13.01204819,34,46.42570281,25,32.05521472,78,73.1147541,243,8.723747981,121,33.58369099,312,34.37005799,40,52.10280374,164,48.15756036,86,0.126963021,23,0.093935478,157,,9.050404534,329,7.892295897,129,78.13,52,0.22,161,1.02,59,1.08,47,0.68,95,1.61,48,0.62,96,2.61659,44,30.25,210,19.28,178,24.74,36,21.45,120,16.73,313,17.74,265,42.05,69,18.73,313,17.17,196,10.41,195,11.56,87,27.97,119,24.94,120,22.06,86,14.18,277,10.77,341,7.2,2276,Western Athletic Conference (WAC),Grand Canyon,Bryce Drew,Grand Canyon Antelopes,202021,4 years,5,13,West,March Madness,1,No,No,No,No,No
2025,SB,66.3,229,66.8,243,107.7,153,108.6,126,100.8,71,98.9,30,18.2,256,17.6,167,50.08522727,222,19.93760447,332,38.58195212,5,37.78409091,49,21.5048976,57,46.57168299,278,31.92341941,163,18.27956989,231,49.46236559,195,32.25806452,142,66.8214,243,66.3679,229,108.553,126,107.706,153,98.9402,30,100.828,71,6.87801,98,53.86199794,77,30.29150824,339,72.63157895,162,12.78538813,38,46.21004566,20,32.59259259,105,72.2007722,190,10.29866117,272,44.82954545,57,38.13559322,153,55.64304462,88,50.96418733,161,0.136618452,7,0.111515415,314,,8.786062987,308,6.130934062,330,77.8,91,-0.84,261,0.67,97,1.27,36,0.43,134,1.46,57,-0.08,193,1.08627,298,35.24,78,20.34,134,19.41,192,17.21,264,20.83,165,22.21,117,27.03,328,30.97,85,12.46,289,13.98,96,15.55,25,22.8,272,26,85,18.6,198,17.67,119,14.94,147,6.9,2329,Sun Belt Conference (SBC),Troy,Scott Cross,Troy Trojans,201920,5 years,6,14,Midwest,March Madness,1,No,No,No,No,No
2025,MAC,71.4,16,72.5,15,113.7,66,115.8,22,107.1,183,104.6,145,15.8,21,17.1,65,55.4337232,31,16.58182443,140,33.01225919,86,26.80311891,333,15.33308523,342,46.5947153,277,38.07219948,40,19.88472622,129,50.7204611,133,29.39481268,269,72.4588,15,71.4456,16,115.754,21,113.749,66,104.558,145,107.176,183,6.57261,99,55.84299732,34,36.62728249,49,74.90909091,85,9.778142975,143,50.61626952,167,31.86077644,68,72.96072508,234,6.958073149,14,45.37037037,52,38.03462322,151,58.53154085,43,44.73067916,27,0.103958588,120,0.098803617,206,,6.701462723,88,6.744420817,276,75.06,361,-1.94,351,-3.5,364,-2.17,359,-1.36,327,-1.75,324,-2.72,364,1.39849,245,39.04,29,19.11,188,17.75,256,21.16,131,17.57,291,24.37,70,48.32,17,18.19,322,15.07,233,11.68,153,6.65,252,33.27,16,19.25,299,20.78,122,15.13,237,11.49,316,6.6,2387,Mid-American Conference (MAC),Akron,John Groce,Akron Zips,201718,7 years,8,13,East,March Madness,1,No,No,No,No,No
2025,CAA,65.3,285,66.3,273,112.3,84,114.7,36,107.1,184,104.5,142,18.4,277,17.6,182,52.21741482,106,15.99375171,97,35.45706371,29,37.8042185,48,21.40822141,59,51.60765161,112,26.98412698,304,16.83787405,303,47.25323805,270,35.9088879,39,66.2844,273,65.3908,285,114.669,36,112.326,84,104.53,142,107.183,184,5.14288,105,53.72881356,82,33.03437967,212,75.25035765,76,10.5815062,108,50.42897998,157,34.35897436,215,68.05054152,11,9.491525424,194,36.18171985,253,42.64625478,298,54.38596491,108,48.30614806,90,0.096522058,181,0.086729966,68,,7.320755157,164,7.787045294,139,77.99,72,1.12,66,-0.09,183,1.32,35,1.33,47,0.24,165,0.52,110,2.64427,42,37.66,47,27.48,13,16.34,308,16.86,276,17.28,298,22.01,124,39.18,108,24.15,209,19.71,135,11.32,166,5.58,303,24.25,230,18.89,303,26.92,17,18.16,107,11.74,307,5.2,2677,Coastal Athletic Association (CAA),UNC Wilmington,Takayo Siddle,UNC Wilmington Seahawks,202021,4 years,5,14,West,March Madness,1,No,No,No,No,No
2025,SC,64,333,64.6,336,113.6,67,112.8,51,109.5,231,108.7,246,19.3,335,17.6,188,53.27913279,74,16.89758837,164,35.54545455,28,31.05691057,239,16.30481056,314,44.87015751,316,38.82503193,27,19.50464396,147,43.60902256,344,36.88633348,26,64.6329,336,64.1094,333,112.782,51,113.682,67,108.737,247,109.523,231,4.15908,120,54.61139896,53,34.54545455,138,66.84118674,332,8.823529412,196,51.78571429,218,34.49131514,225,69.33962264,35,9.740932642,219,47.69647696,23,45.84755404,346,54.99398315,98,49.15693904,109,0.085448032,278,0.09552898,173,,7.344690401,168,6.33659564,314,76.45,302,-0.69,237,-1.27,330,-2.11,356,-0.32,220,0.6,133,-0.98,303,2.11773,107,31.75,167,22.05,94,19.71,177,20.68,148,24,55,13.55,352,41.85,72,17,336,11.38,307,10.06,206,19.67,9,31.35,38,21.02,260,18.29,211,15.27,227,14.05,200,4.1,2943,Southern Conference (SoCon),Wofford,Dwight Perry,Wofford Terriers,202223,2 years,3,15,Midwest,March Madness,1,No,No,No,No,No
2025,Horz,67.8,141,68.7,142,107,171,110.1,92,104.9,134,101.5,71,18.1,246,16.9,39,51.33744856,144,18.4596385,272,35.25862069,33,38.42592593,41,21.23125493,68,49.17127072,191,29.59747435,231,17.79010239,259,52.3890785,70,29.82081911,251,68.6535,143,67.8393,141,110.137,93,107.033,171,101.539,72,104.951,134,2.08242,139,50.73289902,190,34.91620112,121,72.02141901,193,11.85064935,59,49.83766234,129,34.16422287,206,72.64808362,220,9.446254072,191,36.83127572,235,35.63218391,75,60.71019473,22,51.35773318,169,0.091864868,221,0.101398014,227,,8.31983707,283,9.619811612,13,76.9,224,-0.66,233,-0.27,216,-0.11,191,0.02,183,-0.52,243,-0.46,234,1.44466,237,26.8,289,22.81,79,20.27,153,18.86,211,19.15,250,18.88,222,32.99,233,29.9,105,17.19,195,11.08,173,8.79,156,35.31,11,21.48,241,14.73,330,16.08,189,12.36,284,2.1,3425,Horizon League,Robert Morris,Andrew Toole,Robert Morris Colonials,201011,14 years,15,15,East,March Madness,1,No,No,No,No,No
2025,AE,72.4,7,73.1,6,106.7,178,109.6,102,105.5,148,101.3,68,16,25,16.8,29,50.98747592,167,16.51265846,134,34.19983753,54,30.44315992,260,17.65849864,265,54.2201478,53,28.12135356,273,18.44863732,221,51.74004193,97,29.81132075,253,73.1396,6,72.5242,7,109.621,102,106.725,178,101.303,68,105.547,148,1.17756,149,51.47710487,161,33.37950139,198,71.83544304,197,14.81197237,10,47.35226401,46,32.20108696,85,72.01309329,175,5.686853767,2,34.77842004,285,36.09612555,90,48.7206823,263,42.85714286,17,0.090223804,237,0.091500556,124,,7.362602872,171,7.362602872,199,79.06,6,0.17,166,0.91,64,1.74,19,2.68,2,3.78,2,0.54,105,2.62467,43,22.76,338,20.02,147,17.07,290,22.41,89,23.73,63,16.75,288,35.67,189,13.04,357,21.59,86,14.75,75,14.92,32,25.67,186,21.09,258,16.8,265,18.58,93,17.83,62,1.2,3619,American East Conference (AmEast),Bryant,Phil Martelli Jr.,Bryant Bulldogs,202324,1 years,2,15,South,March Madness,1,No,No,No,No,No
2025,Sum,67.7,145,69.1,119,111,96,112.5,59,110.5,252,109.8,273,17.3,141,17.3,92,53.49087003,69,15.7469626,82,29.15129151,205,36.35875403,78,19.93569132,123,48.23151125,219,31.83279743,168,20.32085561,103,44.50843274,332,35.17071164,54,69.0609,119,67.7809,145,112.458,59,111.099,96,109.839,273,110.588,252,0.511031,156,52.49343832,123,36.71766342,44,73.26440177,140,7.312252964,286,53.45849802,283,35.09852217,259,71.90684134,168,8.311461067,84,38.61439313,176,44.51754386,335,49.53703704,243,51.4527845,175,0.084617299,285,0.083259802,39,,7.420982375,178,6.425484739,306,77.4,145,-0.89,269,0.91,64,0.45,122,-0.28,217,0.78,115,0.01,174,1.78799,167,31.14,178,10.43,363,21.21,122,24.64,44,20.05,200,23.64,85,38.1,133,19.99,293,19.53,140,13.38,109,8.94,153,19.23,343,24.7,129,27.08,16,15.31,225,13.64,216,0.5,3801,Summit League (The Summit),Omaha,Chris Crutchfield,Omaha Mavericks,202223,2 years,3,15,West,March Madness,1,No,No,No,No,No
2025,BSky,67,193,67.5,203,110.8,98,111.6,66,110.4,250,110.2,286,17.6,177,17.9,257,56.36200717,13,16.23635563,118,22.57019438,347,36.20071685,86,19.32449765,157,51.81701582,104,28.85848653,251,18.40172786,224,53.99568035,32,27.60259179,319,67.4715,203,67.1057,193,111.586,66,110.837,98,110.248,286,110.443,250,0.39472,157,57.2778828,17,36.52597403,55,74.58745875,95,8.078231293,248,53.1462585,270,33.70253165,175,73.95833333,276,8.506616257,102,36.79808841,238,34.95575221,54,49.33814681,249,45.58472554,36,0.089514219,246,0.082372127,33,,7.999142949,251,6.570724565,293,76.55,288,-1.24,297,-2.09,358,-0.7,279,0.41,138,0.33,156,-1.66,350,2.59182,46,29.61,227,16.95,252,21.91,96,21.91,105,23.07,79,16.13,307,29.85,285,21.72,260,27.88,20,8.92,250,11.56,86,20.67,324,21.29,251,24.12,45,21.76,25,12.13,296,0.4,3838,Big Sky Conference,Montana,Travis DeCuire,Montana Grizzlies,201415,10 years,11,14,East,March Madness,1,No,No,No,No,No
2025,MEAC,66.3,226,67.4,211,107.1,168,110.3,87,108.7,217,104.7,147,18,236,17.8,221,52.39745812,99,18.29337103,258,32.81412253,93,38.99480069,34,21.87769165,45,58.74246339,6,19.37984496,361,19.93642144,126,45.04995459,324,35.01362398,61,67.3721,211,66.4103,226,110.269,88,107.201,168,104.695,147,108.723,217,-1.52118,180,54.51638689,57,31.25,306,75.25925926,75,8.965517241,194,48.86699507,97,33.94980185,191,71.03559871,125,9.272581934,169,27.72963605,360,42.72009029,301,49.27884615,251,59.22974768,332,0.094555346,195,0.101207481,226,,8.172622901,273,9.170443139,22,77.08,196,1.1,71,0.36,125,-0.92,294,-1.24,310,0.06,191,0.73,80,2.13649,102,34.75,84,15.13,319,21.56,105,14.91,323,24.25,50,24.09,76,30.41,278,33.32,56,20.73,108,8.59,259,6.86,234,21.97,295,26.79,71,22.98,64,13.97,284,14.22,187,-1.6,4403,Mid-Eastern Athletic Conference (MEAC),Norfolk State,Robert Jones,Norfolk State Spartans,201314,11 years,12,16,West,March Madness,1,No,No,No,No,No
2025,OVC,65.8,261,67.2,227,101.9,255,104.6,214,106.2,160,100.4,48,17.6,169,17.9,255,48.94886364,271,17.13378383,180,31.76043557,124,33.06818182,177,18.6496695,200,50.61378659,152,30.73654391,197,19.71554684,136,48.06277587,247,32.22167729,145,67.1543,227,65.8961,261,104.645,214,101.933,255,100.352,47,106.247,160,-4.31392,217,47.77183601,296,34.01253918,167,67.86941581,317,11.53119093,72,46.31379962,23,32.98192771,123,70.27972028,82,8.021390374,64,36.25,251,38.55981417,171,51.39442231,191,48.66008463,98,0.092561821,215,0.097485322,192,,7.385251652,172,8.074541807,107,77.21,178,0.51,128,0.77,86,-1.11,305,-0.01,188,-0.12,206,0.64,93,1.53234,226,25.27,310,19.42,173,19.27,197,13.62,344,17.76,285,29.92,8,34.71,205,30.19,99,10.91,313,14.38,85,9.81,125,24.18,232,24.39,141,14.58,333,16.99,148,19.86,28,-4.3,5059,"Ohio Valley Conference (OVC, The Valley)",SIU Edwardsville,Brian Barone,SIU Edwardsville Cougars,201920,5 years,6,16,Midwest,March Madness,1,No,No,No,No,No
2025,PL,63.5,349,63.7,357,102.1,252,104.6,215,108,205,105.1,160,19.7,356,18,285,51.80442375,121,16.76004637,156,23.76725838,335,29.45285215,291,17.74491682,260,44.82439926,318,37.43068392,46,18.49472235,218,53.41899954,43,28.08627811,309,63.6519,357,63.5548,349,104.618,215,102.095,253,105.086,160,108.071,205,-5.9762,237,51.10642782,176,35.11053316,103,75.88932806,57,5.287146764,355,53.05378304,269,33.55263158,169,69.24398625,33,9.483667018,193,44.76135041,58,35.65982405,77,52.05298013,167,50.38167939,142,0.097565688,170,0.08742272,80,,8.017774343,254,7.872874807,133,76.47,297,-0.55,228,-0.41,231,0.89,61,-0.73,274,-2.88,348,-0.48,240,2.54004,50,32.55,146,30.24,2,18.32,234,13.38,350,18.95,254,19.05,213,27.95,317,14.72,347,36.1,4,11.03,177,10.1,116,29.27,88,17.25,341,27.56,13,11.2,352,14.65,163,-5.9,5509,Patriot League,American University,Duane Simpkins,American Eagles,202324,1 years,2,16,East,March Madness,1,No,No,No,No,No
2025,MAAC,67.4,170,67.5,204,100.1,292,101.6,282,106.8,176,102.1,78,17.6,167,18,283,51.0331702,164,21.72121856,359,31.11726685,142,31.04948341,240,18.17785527,230,47.42807323,251,34.39407149,98,17.04889658,293,46.73301601,286,36.21808741,33,67.4682,204,67.4378,170,101.563,282,100.191,293,102.06,79,106.864,175,-6.67224,250,50.13824885,217,34.8806366,122,73.02977233,146,7.942238267,258,48.73646209,90,31.38357705,50,74.06015038,280,9.493087558,196,41.00054377,132,44.51677516,334,60.59479554,23,52.01465201,190,0.087150307,265,0.127849942,361,,8.936224335,314,7.166674961,226,76.89,227,-0.65,232,0.4,121,-0.41,240,-1.2,309,0.29,159,-0.13,199,1.41394,240,28.22,268,21.11,114,22.66,78,20.13,163,16.08,326,19.95,182,39.21,107,31.46,80,13.76,258,9.82,221,5.65,300,24.94,213,24.45,139,12.04,359,19.85,61,18.65,45,-6.7,5740,Metro Atlantic Athletic Conference (MAAC),Mount St. Mary's,Donny Lind,Mount St. Mary's Mountaineers,202425,0 years,1,16,East,March Madness,1,No,No,No,No,No
2025,SWAC,67.7,142,69.1,120,101.4,270,104,228,110.6,256,104.2,129,16.7,66,17.9,260,47.05598456,327,13.24474363,5,28.25923135,229,29.87451737,274,18.13602015,234,45.08816121,311,36.77581864,57,21.19565217,57,47.82608696,255,30.97826087,200,69.0571,120,67.824,142,103.998,228,101.454,271,104.201,129,110.689,256,-9.235,273,45.35472973,344,32.88288288,222,69.78998384,270,8.384819064,227,50.48543689,159,33.42354533,158,69.93103448,61,9.121621622,160,42.85714286,84,39.47649573,203,45.35585042,320,50.30525031,139,0.110154303,75,0.075621804,11,,5.682563273,14,7.605892381,165,76.63,275,0.99,81,-1.77,349,-1.81,349,-0.71,271,0.43,145,-0.39,222,1.62317,210,36.16,65,13.23,349,15.43,324,21.81,110,24.77,40,24.74,62,38.63,118,24.37,207,18.36,168,7.33,293,11.25,93,20.87,322,23.92,159,30.5,3,11.28,351,13.4,230,-9.2,6369,Southwestern Conference (SWC),Alabama State,Tony Madlock,Alabama State Hornets,202223,2 years,3,16,South,March Madness,1,No,No,No,No,No
2025,NEC,66.9,201,66.6,254,99.7,299,100.2,310,112.4,293,107.9,223,18.1,247,17.9,252,51.56434475,134,19.5772972,321,25.3507014,314,23.84887839,357,14.3627451,354,50.78431373,142,34.85294118,86,17.24137931,285,49.00181488,219,33.75680581,95,66.6493,254,66.9974,201,100.249,310,99.7234,299,107.927,223,112.484,293,-12.7602,311,52.58883249,118,33.42736248,195,72.52475248,166,6.726013848,315,53.41246291,280,32.29166667,91,74.50980392,300,9.23857868,167,41.85360094,111,43.1703204,311,50.33112583,223,51.01522843,162,0.090771929,232,0.122664769,355,,7.310820259,158,7.310820259,209,76.3,317,-1.55,326,-1.59,343,-0.42,242,-0.7,270,-0.26,226,-1.57,343,0.644769,349,30.37,206,18.45,212,19.88,168,16.17,294,22.53,94,22.9,104,47.33,20,23.6,223,9.84,333,11.37,161,7.75,203,27.29,142,20.37,279,18.46,203,19.73,65,14.08,198,-12.7,7122,Northeast Conference (NEC),St. Francis (PA),Rob Krimmel,Saint Francis Red Flash,201213,12 years,13,16,South,March Madness,1,No,No,No,No,No
